-- MySQL dump 10.16  Distrib 10.3.10-MariaDB, for debian-linux-gnu (x86_64)
--
-- Host: localhost    Database: milkcocholate
-- ------------------------------------------------------
-- Server version	10.3.10-MariaDB-1:10.3.10+maria~bionic

/*!40101 SET @OLD_CHARACTER_SET_CLIENT=@@CHARACTER_SET_CLIENT */;
/*!40101 SET @OLD_CHARACTER_SET_RESULTS=@@CHARACTER_SET_RESULTS */;
/*!40101 SET @OLD_COLLATION_CONNECTION=@@COLLATION_CONNECTION */;
/*!40101 SET NAMES utf8 */;
/*!40103 SET @OLD_TIME_ZONE=@@TIME_ZONE */;
/*!40103 SET TIME_ZONE='+00:00' */;
/*!40014 SET @OLD_UNIQUE_CHECKS=@@UNIQUE_CHECKS, UNIQUE_CHECKS=0 */;
/*!40014 SET @OLD_FOREIGN_KEY_CHECKS=@@FOREIGN_KEY_CHECKS, FOREIGN_KEY_CHECKS=0 */;
/*!40101 SET @OLD_SQL_MODE=@@SQL_MODE, SQL_MODE='NO_AUTO_VALUE_ON_ZERO' */;
/*!40111 SET @OLD_SQL_NOTES=@@SQL_NOTES, SQL_NOTES=0 */;

--
-- Table structure for table `crossovers`
--

DROP TABLE IF EXISTS `crossovers`;
/*!40101 SET @saved_cs_client     = @@character_set_client */;
/*!40101 SET character_set_client = utf8 */;
CREATE TABLE `crossovers` (
  `id` int(11) NOT NULL AUTO_INCREMENT,
  `name` char(50) COLLATE utf8_bin NOT NULL,
  `spec` char(100) COLLATE utf8_bin DEFAULT NULL,
  PRIMARY KEY (`id`)
) ENGINE=InnoDB AUTO_INCREMENT=3 DEFAULT CHARSET=utf8 COLLATE=utf8_bin ROW_FORMAT=COMPACT;
/*!40101 SET character_set_client = @saved_cs_client */;

--
-- Dumping data for table `crossovers`
--

LOCK TABLES `crossovers` WRITE;
/*!40000 ALTER TABLE `crossovers` DISABLE KEYS */;
INSERT INTO `crossovers` VALUES (1,'one_point',NULL),(2,'uniform',NULL);
/*!40000 ALTER TABLE `crossovers` ENABLE KEYS */;
UNLOCK TABLES;

--
-- Table structure for table `experiment_logs`
--

DROP TABLE IF EXISTS `experiment_logs`;
/*!40101 SET @saved_cs_client     = @@character_set_client */;
/*!40101 SET character_set_client = utf8 */;
CREATE TABLE `experiment_logs` (
  `id` int(11) NOT NULL AUTO_INCREMENT,
  `population_id` int(11) NOT NULL,
  `position` int(11) NOT NULL,
  `price` int(11) NOT NULL,
  `logged_at` timestamp NOT NULL DEFAULT current_timestamp(),
  PRIMARY KEY (`id`)
) ENGINE=InnoDB AUTO_INCREMENT=332 DEFAULT CHARSET=utf8 COLLATE=utf8_bin ROW_FORMAT=COMPACT;
/*!40101 SET character_set_client = @saved_cs_client */;

--
-- Dumping data for table `experiment_logs`
--

LOCK TABLES `experiment_logs` WRITE;
/*!40000 ALTER TABLE `experiment_logs` DISABLE KEYS */;
INSERT INTO `experiment_logs` VALUES (1,1,987452,987452,'2018-02-03 22:00:00'),(2,1,948498,948498,'2018-02-04 00:00:00'),(3,1,948498,855042,'2018-02-07 13:00:00'),(4,1,1023882,922999,'2018-02-11 05:00:00'),(5,1,1023882,935140,'2018-02-12 05:00:00'),(6,1,1285957,1174500,'2018-02-21 17:00:00'),(7,1,1285957,1143503,'2018-02-27 14:00:00'),(8,1,1282018,1140000,'2018-03-07 05:00:00'),(9,1,1282018,1004000,'2018-03-12 05:00:00'),(10,1,1294627,1013875,'2018-03-12 19:00:00'),(11,1,1294627,917040,'2018-03-19 21:00:00'),(12,1,1282020,908110,'2018-03-23 05:00:00'),(13,1,1282020,925341,'2018-03-24 01:00:00'),(14,1,1252543,904065,'2018-03-25 05:00:00'),(15,1,1252543,788369,'2018-04-03 16:00:00'),(16,1,1170341,736630,'2018-04-04 20:00:00'),(17,1,1170341,739956,'2018-04-07 21:00:00'),(18,1,1150973,727710,'2018-04-10 00:00:00'),(19,1,1150973,735595,'2018-04-11 11:00:00'),(20,1,1364247,871900,'2018-04-17 21:00:00'),(21,1,1364247,894941,'2018-04-19 20:00:00'),(22,1,1516777,995000,'2018-04-26 11:00:00'),(23,1,1516777,1005947,'2018-04-27 09:00:00'),(24,1,1497406,993100,'2018-05-01 11:00:00'),(25,1,1497406,1008021,'2018-05-03 02:00:00'),(26,1,1561312,1051041,'2018-05-06 13:00:00'),(27,1,1561312,948399,'2018-05-14 13:00:00'),(28,1,1527456,927834,'2018-05-16 01:00:00'),(29,1,1527456,909996,'2018-05-19 12:00:00'),(30,1,1535861,915003,'2018-05-19 17:00:00'),(31,1,1535861,935318,'2018-05-20 16:00:00'),(32,1,1383908,842781,'2018-05-23 18:00:00'),(33,1,1383908,807896,'2018-05-30 05:00:00'),(34,1,1401278,818036,'2018-05-30 19:00:00'),(35,1,1401278,811437,'2018-05-31 13:00:00'),(36,1,1435635,831332,'2018-06-05 06:00:00'),(37,1,1435635,831500,'2018-06-06 07:00:00'),(38,1,1451519,840700,'2018-06-08 07:00:00'),(39,1,1451519,839775,'2018-06-08 22:00:00'),(40,1,1449970,838879,'2018-06-09 10:00:00'),(41,1,1449970,740536,'2018-06-19 09:00:00'),(42,1,1343529,686174,'2018-06-22 22:00:00'),(43,1,1343529,699693,'2018-06-30 09:00:00'),(44,1,1393452,725692,'2018-07-06 03:00:00'),(45,1,1393452,726250,'2018-07-06 23:00:00'),(46,1,1358449,708007,'2018-07-10 23:00:00'),(47,1,1358449,749890,'2018-07-16 21:00:00'),(48,1,1633409,901673,'2018-07-27 06:00:00'),(49,1,1633409,905050,'2018-07-28 04:00:00'),(50,1,1629081,902652,'2018-07-30 11:00:00'),(51,1,1629081,708863,'2018-08-13 05:00:00'),(52,1,1558663,678222,'2018-08-14 03:00:00'),(53,1,1558663,704897,'2018-08-15 10:00:00'),(54,1,1572505,711157,'2018-08-19 02:00:00'),(55,1,1572505,713793,'2018-08-20 00:00:00'),(56,1,1551043,704051,'2018-08-20 21:00:00'),(57,1,1551043,720000,'2018-08-22 06:00:00'),(58,1,1542627,716093,'2018-08-23 05:00:00'),(59,1,1542627,724799,'2018-08-24 05:00:00'),(60,1,1643400,772147,'2018-08-30 12:00:00'),(61,1,1643400,770757,'2018-08-30 16:00:00'),(62,1,1539967,722247,'2018-09-06 04:00:00'),(63,1,1539967,717400,'2018-09-13 23:00:00'),(64,1,1510673,703753,'2018-09-17 21:00:00'),(65,1,1510673,716038,'2018-09-20 11:00:00'),(66,1,1525293,722968,'2018-09-25 13:00:00'),(67,1,1525293,753100,'2018-09-28 00:00:00'),(68,1,1488993,735177,'2018-10-03 01:00:00'),(69,1,1488993,743000,'2018-10-04 05:00:00'),(70,1,1492159,744580,'2018-10-07 08:00:00'),(71,1,1492159,745406,'2018-10-07 20:00:00'),(72,1,1493348,746000,'2018-10-08 01:00:00'),(73,1,1493348,747363,'2018-10-08 13:00:00'),(74,1,1490321,745848,'2018-10-09 13:00:00'),(75,1,1490321,715070,'2018-10-15 11:00:00'),(76,2,981949,981949,'2018-02-03 15:00:00'),(77,2,914197,914197,'2018-02-04 13:00:00'),(78,2,914197,805000,'2018-02-06 17:00:00'),(79,2,924491,814065,'2018-02-06 20:00:00'),(80,2,924491,875674,'2018-02-07 07:00:00'),(81,2,942676,892899,'2018-02-11 00:00:00'),(82,2,942676,917525,'2018-02-11 20:00:00'),(83,2,963757,938043,'2018-02-13 08:00:00'),(84,2,963757,952163,'2018-02-14 00:00:00'),(85,2,1209551,1195000,'2018-02-21 05:00:00'),(86,2,1209551,1094275,'2018-02-26 16:00:00'),(87,2,1237986,1120000,'2018-02-28 19:00:00'),(88,2,1237986,1161292,'2018-03-01 14:00:00'),(89,2,1233410,1157000,'2018-03-06 12:00:00'),(90,2,1233410,1013253,'2018-03-11 18:00:00'),(91,2,1210432,994376,'2018-03-12 15:00:00'),(92,2,1210432,886916,'2018-03-19 01:00:00'),(93,2,1264726,926699,'2018-03-22 08:00:00'),(94,2,1264726,937001,'2018-03-23 23:00:00'),(95,2,1219149,903234,'2018-03-24 23:00:00'),(96,2,1219149,751850,'2018-04-02 04:00:00'),(97,2,1185340,731000,'2018-04-04 18:00:00'),(98,2,1185340,731075,'2018-04-07 04:00:00'),(99,2,1180354,728000,'2018-04-09 14:00:00'),(100,2,1180354,737015,'2018-04-11 08:00:00'),(101,2,1384241,864322,'2018-04-16 12:00:00'),(102,2,1384241,868624,'2018-04-17 07:00:00'),(103,2,1361475,854338,'2018-04-17 16:00:00'),(104,2,1361475,855322,'2018-04-18 05:00:00'),(105,2,1587667,997423,'2018-04-25 11:00:00'),(106,2,1587667,994405,'2018-04-26 18:00:00'),(107,2,1585425,993001,'2018-04-27 16:00:00'),(108,2,1585425,1011000,'2018-04-28 05:00:00'),(109,2,1561048,995455,'2018-04-30 23:00:00'),(110,2,1561048,999785,'2018-05-02 03:00:00'),(111,2,1628268,1042837,'2018-05-06 08:00:00'),(112,2,1628268,1012392,'2018-05-09 11:00:00'),(113,2,1571679,977207,'2018-05-10 19:00:00'),(114,2,1571679,952700,'2018-05-13 15:00:00'),(115,2,1575473,955000,'2018-05-14 04:00:00'),(116,2,1575473,948399,'2018-05-14 13:00:00'),(117,2,1520323,915200,'2018-05-16 00:00:00'),(118,2,1520323,909963,'2018-05-18 22:00:00'),(119,2,1548215,926657,'2018-05-21 21:00:00'),(120,2,1548215,809306,'2018-05-29 13:00:00'),(121,2,1544052,807130,'2018-05-30 14:00:00'),(122,2,1544052,820562,'2018-05-31 04:00:00'),(123,2,1562361,830292,'2018-06-04 11:00:00'),(124,2,1562361,837908,'2018-06-06 00:00:00'),(125,2,1559555,836403,'2018-06-08 06:00:00'),(126,2,1559555,839775,'2018-06-08 22:00:00'),(127,2,1557891,838879,'2018-06-09 10:00:00'),(128,2,1557891,732830,'2018-06-14 16:00:00'),(129,2,1551873,729999,'2018-06-15 07:00:00'),(130,2,1551873,724948,'2018-06-16 20:00:00'),(131,2,1552093,725051,'2018-06-17 06:00:00'),(132,2,1552093,739299,'2018-06-18 16:00:00'),(133,2,1454053,692600,'2018-06-22 09:00:00'),(134,2,1454053,689255,'2018-06-25 10:00:00'),(135,2,1448874,686800,'2018-06-26 08:00:00'),(136,2,1448874,702700,'2018-06-30 01:00:00'),(137,2,1482806,719157,'2018-07-03 23:00:00'),(138,2,1482806,727000,'2018-07-04 13:00:00'),(139,2,1477782,724537,'2018-07-05 17:00:00'),(140,2,1477782,725707,'2018-07-06 16:00:00'),(141,2,1478888,726250,'2018-07-07 13:00:00'),(142,2,1478888,738799,'2018-07-08 01:00:00'),(143,2,1422319,710539,'2018-07-10 11:00:00'),(144,2,1422319,702572,'2018-07-14 15:00:00'),(145,2,1654365,817194,'2018-07-20 20:00:00'),(146,2,1654365,827189,'2018-07-21 17:00:00'),(147,2,1769222,884618,'2018-07-26 23:00:00'),(148,2,1769222,907050,'2018-07-27 15:00:00'),(149,2,1765801,905296,'2018-07-30 05:00:00'),(150,2,1765801,779745,'2018-08-07 10:00:00'),(151,2,1639597,724016,'2018-08-08 02:00:00'),(152,2,1639597,700000,'2018-08-12 03:00:00'),(153,2,1576377,673009,'2018-08-13 22:00:00'),(154,2,1576377,698300,'2018-08-15 01:00:00'),(155,2,1601245,709316,'2018-08-18 12:00:00'),(156,2,1601245,715460,'2018-08-19 19:00:00'),(157,2,1566644,700000,'2018-08-20 20:00:00'),(158,2,1566644,734503,'2018-08-21 22:00:00'),(159,2,1515467,710509,'2018-08-22 15:00:00'),(160,2,1515467,727887,'2018-08-24 04:00:00'),(161,2,1599451,768225,'2018-08-30 11:00:00'),(162,2,1599451,772544,'2018-08-30 22:00:00'),(163,2,1585434,765774,'2018-08-31 03:00:00'),(164,2,1585434,778009,'2018-08-31 14:00:00'),(165,2,1581942,776295,'2018-09-05 11:00:00'),(166,2,1581942,703882,'2018-09-10 22:00:00'),(167,2,1572194,699545,'2018-09-11 10:00:00'),(168,2,1572194,721856,'2018-09-13 10:00:00'),(169,2,1578336,724676,'2018-09-17 01:00:00'),(170,2,1578336,715620,'2018-09-20 00:00:00'),(171,2,1644501,745619,'2018-09-24 08:00:00'),(172,2,1644501,731695,'2018-09-26 10:00:00'),(173,2,1647456,733010,'2018-09-26 15:00:00'),(174,2,1647456,762487,'2018-09-27 23:00:00'),(175,2,1604941,742810,'2018-09-28 22:00:00'),(176,2,1604941,746970,'2018-09-29 15:00:00'),(177,2,1608151,748464,'2018-10-01 12:00:00'),(178,2,1608151,746847,'2018-10-03 22:00:00'),(179,2,1602077,744026,'2018-10-07 06:00:00'),(180,2,1602077,745406,'2018-10-07 20:00:00'),(181,2,1603354,746000,'2018-10-08 01:00:00'),(182,2,1603354,747063,'2018-10-08 07:00:00'),(183,2,1599703,745362,'2018-10-09 08:00:00'),(184,2,1599703,717502,'2018-10-15 04:00:00'),(185,3,948498,948498,'2018-02-04 00:00:00'),(186,3,914681,914681,'2018-02-04 08:00:00'),(187,3,914681,835177,'2018-02-06 15:00:00'),(188,3,966713,882687,'2018-02-08 22:00:00'),(189,3,966713,900102,'2018-02-09 03:00:00'),(190,3,956205,890318,'2018-02-10 20:00:00'),(191,3,956205,917525,'2018-02-11 20:00:00'),(192,3,974264,934853,'2018-02-13 03:00:00'),(193,3,974264,952163,'2018-02-14 00:00:00'),(194,3,1239108,1210999,'2018-02-20 21:00:00'),(195,3,1239108,1120045,'2018-02-23 19:00:00'),(196,3,1172828,1060134,'2018-02-24 05:00:00'),(197,3,1172828,1090102,'2018-02-26 07:00:00'),(198,3,1194236,1110000,'2018-02-28 17:00:00'),(199,3,1194236,1139805,'2018-03-01 02:00:00'),(200,3,1249394,1192449,'2018-03-04 09:00:00'),(201,3,1249394,1197759,'2018-03-04 12:00:00'),(202,3,1229043,1178249,'2018-03-06 05:00:00'),(203,3,1229043,1023147,'2018-03-11 12:00:00'),(204,3,1184475,986045,'2018-03-12 12:00:00'),(205,3,1184475,994173,'2018-03-13 17:00:00'),(206,3,1178311,989000,'2018-03-13 21:00:00'),(207,3,1178311,908935,'2018-03-16 08:00:00'),(208,3,1143696,882233,'2018-03-16 17:00:00'),(209,3,1143696,880043,'2018-03-18 17:00:00'),(210,3,1191792,917052,'2018-03-22 06:00:00'),(211,3,1191792,928123,'2018-03-23 16:00:00'),(212,3,1158572,902252,'2018-03-24 18:00:00'),(213,3,1158572,738028,'2018-04-01 19:00:00'),(214,3,1191795,759192,'2018-04-04 04:00:00'),(215,3,1191795,734500,'2018-04-07 00:00:00'),(216,3,1179189,726731,'2018-04-09 07:00:00'),(217,3,1179189,732064,'2018-04-10 13:00:00'),(218,3,1181024,733203,'2018-04-10 18:00:00'),(219,3,1181024,733510,'2018-04-11 01:00:00'),(220,3,1390183,863414,'2018-04-16 08:00:00'),(221,3,1390183,869834,'2018-04-17 02:00:00'),(222,3,1357708,849515,'2018-04-17 14:00:00'),(223,3,1357708,867600,'2018-04-18 02:00:00'),(224,3,1554576,993402,'2018-04-25 08:00:00'),(225,3,1554576,994405,'2018-04-26 18:00:00'),(226,3,1542101,986425,'2018-04-27 13:00:00'),(227,3,1542101,996214,'2018-04-27 22:00:00'),(228,3,1549053,1000705,'2018-04-30 17:00:00'),(229,3,1549053,1002999,'2018-05-01 23:00:00'),(230,3,1609390,1042067,'2018-05-06 04:00:00'),(231,3,1609390,1013305,'2018-05-09 06:00:00'),(232,3,1576347,992500,'2018-05-10 12:00:00'),(233,3,1576347,942293,'2018-05-13 08:00:00'),(234,3,1554072,928978,'2018-05-13 21:00:00'),(235,3,1554072,961000,'2018-05-14 08:00:00'),(236,3,1533471,948261,'2018-05-15 08:00:00'),(237,3,1533471,911645,'2018-05-18 13:00:00'),(238,3,1539120,915003,'2018-05-19 17:00:00'),(239,3,1539120,915001,'2018-05-19 21:00:00'),(240,3,1558461,926499,'2018-05-21 18:00:00'),(241,3,1558461,814565,'2018-05-29 05:00:00'),(242,3,1533070,801294,'2018-05-30 10:00:00'),(243,3,1533070,823216,'2018-05-31 00:00:00'),(244,3,1521848,817190,'2018-06-01 10:00:00'),(245,3,1521848,819015,'2018-06-01 15:00:00'),(246,3,1532456,824724,'2018-06-04 06:00:00'),(247,3,1532456,833968,'2018-06-05 12:00:00'),(248,3,1544558,840554,'2018-06-07 21:00:00'),(249,3,1544558,842022,'2018-06-08 21:00:00'),(250,3,1537189,838005,'2018-06-09 06:00:00'),(251,3,1537189,736999,'2018-06-14 13:00:00'),(252,3,1513929,725847,'2018-06-15 05:00:00'),(253,3,1513929,722015,'2018-06-16 14:00:00'),(254,3,1514208,722148,'2018-06-17 04:00:00'),(255,3,1514208,742000,'2018-06-18 12:00:00'),(256,3,1497064,733599,'2018-06-19 21:00:00'),(257,3,1497064,733304,'2018-06-20 01:00:00'),(258,3,1448126,709333,'2018-06-22 01:00:00'),(259,3,1448126,689998,'2018-06-25 09:00:00'),(260,3,1432684,682640,'2018-06-26 04:00:00'),(261,3,1432684,701533,'2018-06-29 18:00:00'),(262,3,1457464,713667,'2018-07-03 19:00:00'),(263,3,1457464,735003,'2018-07-04 07:00:00'),(264,3,1435448,723900,'2018-07-05 13:00:00'),(265,3,1435448,724904,'2018-07-06 11:00:00'),(266,3,1433628,723985,'2018-07-07 06:00:00'),(267,3,1433628,740168,'2018-07-07 17:00:00'),(268,3,1429280,737923,'2018-07-09 19:00:00'),(269,3,1429280,703694,'2018-07-14 13:00:00'),(270,3,1670236,822327,'2018-07-20 13:00:00'),(271,3,1670236,824988,'2018-07-21 10:00:00'),(272,3,1770124,874326,'2018-07-26 18:00:00'),(273,3,1770124,914404,'2018-07-27 13:00:00'),(274,3,1750073,904046,'2018-07-29 23:00:00'),(275,3,1750073,784919,'2018-08-07 04:00:00'),(276,3,1640311,735690,'2018-08-07 17:00:00'),(277,3,1640311,726946,'2018-08-09 14:00:00'),(278,3,1619680,717803,'2018-08-09 21:00:00'),(279,3,1619680,709891,'2018-08-11 12:00:00'),(280,3,1596709,699823,'2018-08-11 17:00:00'),(281,3,1596709,704347,'2018-08-11 22:00:00'),(282,3,1590724,701707,'2018-08-13 11:00:00'),(283,3,1590724,703000,'2018-08-14 20:00:00'),(284,3,1577562,697183,'2018-08-15 17:00:00'),(285,3,1577562,699285,'2018-08-16 03:00:00'),(286,3,1593130,706186,'2018-08-18 09:00:00'),(287,3,1593130,717180,'2018-08-19 14:00:00'),(288,3,1547327,696561,'2018-08-20 16:00:00'),(289,3,1547327,707712,'2018-08-21 04:00:00'),(290,3,1544632,706479,'2018-08-22 12:00:00'),(291,3,1544632,716800,'2018-08-23 09:00:00'),(292,3,1590016,737861,'2018-08-25 22:00:00'),(293,3,1590016,744275,'2018-08-26 05:00:00'),(294,3,1633529,764643,'2018-08-30 05:00:00'),(295,3,1633529,772544,'2018-08-30 22:00:00'),(296,3,1634478,772993,'2018-08-31 02:00:00'),(297,3,1634478,779781,'2018-08-31 12:00:00'),(298,3,1655919,790010,'2018-09-05 04:00:00'),(299,3,1655919,709234,'2018-09-09 05:00:00'),(300,3,1641550,703080,'2018-09-09 16:00:00'),(301,3,1641550,707063,'2018-09-10 18:00:00'),(302,3,1626149,700429,'2018-09-11 04:00:00'),(303,3,1626149,701401,'2018-09-12 12:00:00'),(304,3,1682621,725759,'2018-09-15 23:00:00'),(305,3,1682621,726221,'2018-09-16 04:00:00'),(306,3,1682848,726319,'2018-09-16 09:00:00'),(307,3,1682848,726715,'2018-09-16 12:00:00'),(308,3,1681371,726077,'2018-09-17 00:00:00'),(309,3,1681371,712505,'2018-09-18 21:00:00'),(310,3,1674957,709787,'2018-09-19 05:00:00'),(311,3,1674957,715315,'2018-09-19 15:00:00'),(312,3,1741684,743812,'2018-09-24 03:00:00'),(313,3,1741684,732376,'2018-09-26 04:00:00'),(314,3,1743192,733010,'2018-09-26 15:00:00'),(315,3,1743192,730965,'2018-09-26 19:00:00'),(316,3,1737779,728695,'2018-09-26 22:00:00'),(317,3,1737779,753977,'2018-09-27 13:00:00'),(318,3,1705336,739901,'2018-09-28 21:00:00'),(319,3,1705336,746970,'2018-09-29 15:00:00'),(320,3,1708153,748204,'2018-10-01 07:00:00'),(321,3,1708153,748468,'2018-10-03 20:00:00'),(322,3,1701952,745751,'2018-10-06 11:00:00'),(323,3,1701952,746664,'2018-10-06 14:00:00'),(324,3,1693553,742979,'2018-10-07 02:00:00'),(325,3,1693553,746817,'2018-10-07 17:00:00'),(326,3,1691700,746000,'2018-10-08 01:00:00'),(327,3,1691700,747693,'2018-10-08 04:00:00'),(328,3,1685078,744766,'2018-10-09 05:00:00'),(329,3,1685078,702000,'2018-10-13 21:00:00'),(330,3,1676549,698447,'2018-10-14 16:00:00'),(331,3,1676549,716363,'2018-10-14 22:00:00');
/*!40000 ALTER TABLE `experiment_logs` ENABLE KEYS */;
UNLOCK TABLES;

--
-- Table structure for table `experiments`
--

DROP TABLE IF EXISTS `experiments`;
/*!40101 SET @saved_cs_client     = @@character_set_client */;
/*!40101 SET character_set_client = utf8 */;
CREATE TABLE `experiments` (
  `id` int(11) NOT NULL AUTO_INCREMENT,
  `crossover_id` int(11) NOT NULL,
  `fitness_function_id` int(11) NOT NULL,
  `situation` varbinary(1000) NOT NULL,
  `mutation_rate` int(11) NOT NULL,
  `cross_rate` int(11) NOT NULL,
  `population` int(11) NOT NULL,
  `elite_num` int(11) NOT NULL,
  `start_at` timestamp NOT NULL DEFAULT current_timestamp() ON UPDATE current_timestamp(),
  `end_at` timestamp NOT NULL DEFAULT current_timestamp(),
  `execute_time` int(11) NOT NULL,
  PRIMARY KEY (`id`)
) ENGINE=InnoDB AUTO_INCREMENT=2 DEFAULT CHARSET=utf8 COLLATE=utf8_bin ROW_FORMAT=COMPACT;
/*!40101 SET character_set_client = @saved_cs_client */;

--
-- Dumping data for table `experiments`
--

LOCK TABLES `experiments` WRITE;
/*!40000 ALTER TABLE `experiments` DISABLE KEYS */;
INSERT INTO `experiments` VALUES (1,2,1,'Äcmodules.feature.genofeature\nSituation\nq\0)Åq}q(X\0\0\0_fitness_function_idqKX\0\0\0_genomesq]q(X\n\0\0\0short_termqX	\0\0\0long_termqX\0\0\0signalqeX\0\0\0_genome_rangesq	}q\n(hKK2ÜqhK3KdÜqhKK2Üq\ruub.',50,2,10,1,'2018-10-18 08:26:56','2018-10-18 09:51:37',5081);
/*!40000 ALTER TABLE `experiments` ENABLE KEYS */;
UNLOCK TABLES;

--
-- Table structure for table `fitness_functions`
--

DROP TABLE IF EXISTS `fitness_functions`;
/*!40101 SET @saved_cs_client     = @@character_set_client */;
/*!40101 SET character_set_client = utf8 */;
CREATE TABLE `fitness_functions` (
  `id` int(11) NOT NULL AUTO_INCREMENT,
  `name` char(50) COLLATE utf8_bin NOT NULL,
  `spec` char(100) COLLATE utf8_bin DEFAULT NULL,
  PRIMARY KEY (`id`)
) ENGINE=InnoDB AUTO_INCREMENT=2 DEFAULT CHARSET=utf8 COLLATE=utf8_bin ROW_FORMAT=COMPACT;
/*!40101 SET character_set_client = @saved_cs_client */;

--
-- Dumping data for table `fitness_functions`
--

LOCK TABLES `fitness_functions` WRITE;
/*!40000 ALTER TABLE `fitness_functions` DISABLE KEYS */;
INSERT INTO `fitness_functions` VALUES (1,'simple_macd_params',NULL);
/*!40000 ALTER TABLE `fitness_functions` ENABLE KEYS */;
UNLOCK TABLES;

--
-- Table structure for table `populations`
--

DROP TABLE IF EXISTS `populations`;
/*!40101 SET @saved_cs_client     = @@character_set_client */;
/*!40101 SET character_set_client = utf8 */;
CREATE TABLE `populations` (
  `id` int(11) NOT NULL AUTO_INCREMENT,
  `experiment_id` int(11) NOT NULL,
  `generation_number` int(11) NOT NULL,
  `genome` varbinary(10000) NOT NULL,
  `fitness` varbinary(10000) NOT NULL,
  PRIMARY KEY (`id`)
) ENGINE=InnoDB AUTO_INCREMENT=4 DEFAULT CHARSET=utf8 COLLATE=utf8_bin ROW_FORMAT=COMPACT;
/*!40101 SET character_set_client = @saved_cs_client */;

--
-- Dumping data for table `populations`
--

LOCK TABLES `populations` WRITE;
/*!40000 ALTER TABLE `populations` DISABLE KEYS */;
INSERT INTO `populations` VALUES (1,1,0,'Äcnumpy.core.multiarray\n_reconstruct\nq\0cnumpy\nndarray\nqK\0ÖqCbqáqRq(KK\nKÜqcnumpy\ndtype\nqX\0\0\0i8qK\0Káq	Rq\n(KX\0\0\0<qNNNJˇˇˇˇJˇˇˇˇK\0tqbâC\0\0\0\0\0\0\0H\0\0\0\0\0\0\0	\0\0\0\0\0\0\0\0\0\0\0\0\0\05\0\0\0\0\0\0\0\0\0\0\0\0\0\0(\0\0\0\0\0\0\0V\0\0\0\0\0\0\0+\0\0\0\0\0\0\0\0\0\0\0\0\0\0E\0\0\0\0\0\0\0 \0\0\0\0\0\0\0\0\0\0\0\0\0\03\0\0\0\0\0\0\0\0\0\0\0\0\0\0\0\0\0\0\0\0\0C\0\0\0\0\0\0\0\0\0\0\0\0\0\0\0\0\0\0\0\0\0C\0\0\0\0\0\0\0\0\0\0\0\0\0\0\0\0\0\0\0\0\03\0\0\0\0\0\0\0\0\0\0\0\0\0\0$\0\0\0\0\0\0\0H\0\0\0\0\0\0\0\0\0\0\0\0\0\0\0\0\0\0\0\0\0C\0\0\0\0\0\0\0\0\0\0\0\0\0\0q\rtqb.','Äcnumpy.core.multiarray\n_reconstruct\nq\0cnumpy\nndarray\nqK\0ÖqCbqáqRq(KK\nÖqcnumpy\ndtype\nqX\0\0\0i8qK\0Káq	Rq\n(KX\0\0\0<qNNNJˇˇˇˇJˇˇˇˇK\0tqbâCPªd‹\0\0\0\0\0È3£\0\0\0\0\0◊Jg\0\0\0\0\01Óæ\0\0\0\0\0o\ZÁ\0\0\0\0\0π◊\0\0\0\0\0”pr\0\0\0\0\0˚\0f\0\0\0\0\0≠ﬁÿ\0\0\0\0\0R⁄\0\0\0\0\0q\rtqb.'),(2,1,10,'Äcnumpy.core.multiarray\n_reconstruct\nq\0cnumpy\nndarray\nqK\0ÖqCbqáqRq(KK\nKÜqcnumpy\ndtype\nqX\0\0\0i8qK\0Káq	Rq\n(KX\0\0\0<qNNNJˇˇˇˇJˇˇˇˇK\0tqbâC	\0\0\0\0\0\0\0<\0\0\0\0\0\0\0\0\0\0\0\0\0\0\0\0\0\0\0\0\0G\0\0\0\0\0\0\0\r\0\0\0\0\0\0\0\0\0\0\0\0\0\0`\0\0\0\0\0\0\0\0\0\0\0\0\0\0\0\0\0\0\0\0\0]\0\0\0\0\0\0\0/\0\0\0\0\0\0\0\0\0\0\0\0\0\0T\0\0\0\0\0\0\0$\0\0\0\0\0\0\0\0\0\0\0\0\0\03\0\0\0\0\0\0\0#\0\0\0\0\0\0\0\0\0\0\0\0\0\0Z\0\0\0\0\0\0\0/\0\0\0\0\0\0\0\r\0\0\0\0\0\0\0X\0\0\0\0\0\0\0\0\0\0\0\0\0\0\0\0\0\0\0\0\0@\0\0\0\0\0\0\0\"\0\0\0\0\0\0\0\0\0\0\0\0\0\0`\0\0\0\0\0\0\0$\0\0\0\0\0\0\0q\rtqb.','Äcnumpy.core.multiarray\n_reconstruct\nq\0cnumpy\nndarray\nqK\0ÖqCbqáqRq(KK\nÖqcnumpy\ndtype\nqX\0\0\0i8qK\0Káq	Rq\n(KX\0\0\0<qNNNJˇˇˇˇJˇˇˇˇK\0tqbâCPf9˜\0\0\0\0\0∆\'¿\0\0\0\0\0√E‘\0\0\0\0\0Xô∫\0\0\0\0\0íÿ\0\0\0\0\0ÜË\0\0\0\0\0Æ‚n\0\0\0\0\0Æ‚n\0\0\0\0\00*f\0\0\0\0\0<2¿\0\0\0\0\0q\rtqb.'),(3,1,20,'Äcnumpy.core.multiarray\n_reconstruct\nq\0cnumpy\nndarray\nqK\0ÖqCbqáqRq(KK\nKÜqcnumpy\ndtype\nqX\0\0\0i8qK\0Káq	Rq\n(KX\0\0\0<qNNNJˇˇˇˇJˇˇˇˇK\0tqbâC\0\0\0\0\0\0\07\0\0\0\0\0\0\0\0\0\0\0\0\0\0\0\0\0\0\0\0\0R\0\0\0\0\0\0\0!\0\0\0\0\0\0\0\0\0\0\0\0\0\0Y\0\0\0\0\0\0\0%\0\0\0\0\0\0\0\"\0\0\0\0\0\0\0H\0\0\0\0\0\0\0\r\0\0\0\0\0\0\0\r\0\0\0\0\0\0\0D\0\0\0\0\0\0\0#\0\0\0\0\0\0\0\0\0\0\0\0\0\0X\0\0\0\0\0\0\0/\0\0\0\0\0\0\0#\0\0\0\0\0\0\09\0\0\0\0\0\0\0\0\0\0\0\0\0\0\"\0\0\0\0\0\0\0I\0\0\0\0\0\0\0/\0\0\0\0\0\0\0\0\0\0\0\0\0\03\0\0\0\0\0\0\0\0\0\0\0\0\0\0\0\0\0\0\0\0\0C\0\0\0\0\0\0\0\0\0\0\0\0\0\0q\rtqb.','Äcnumpy.core.multiarray\n_reconstruct\nq\0cnumpy\nndarray\nqK\0ÖqCbqáqRq(KK\nÖqcnumpy\ndtype\nqX\0\0\0i8qK\0Káq	Rq\n(KX\0\0\0<qNNNJˇˇˇˇJˇˇˇˇK\0tqbâCP\"É\0\0\0\0@Û◊\0\0\0\0\0¶≥\0\0\0\0\0ÀuÀ\0\0\0\0\0¿ﬂ™\0\0\0\0\0qW˘\0\0\0\0\0ìïﬁ\0\0\0\0\0û±ª\0\0\0\0\0¸„∑\0\0\0\0\0p≤ø\0\0\0\0\0q\rtqb.');
/*!40000 ALTER TABLE `populations` ENABLE KEYS */;
UNLOCK TABLES;

--
-- Table structure for table `test`
--

DROP TABLE IF EXISTS `test`;
/*!40101 SET @saved_cs_client     = @@character_set_client */;
/*!40101 SET character_set_client = utf8 */;
CREATE TABLE `test` (
  `id` int(11) NOT NULL AUTO_INCREMENT,
  `name` char(50) COLLATE utf8_bin NOT NULL,
  `object` varbinary(1000) NOT NULL,
  `time` timestamp NOT NULL DEFAULT current_timestamp() ON UPDATE current_timestamp(),
  PRIMARY KEY (`id`)
) ENGINE=InnoDB AUTO_INCREMENT=17 DEFAULT CHARSET=utf8 COLLATE=utf8_bin ROW_FORMAT=COMPACT;
/*!40101 SET character_set_client = @saved_cs_client */;

--
-- Dumping data for table `test`
--

LOCK TABLES `test` WRITE;
/*!40000 ALTER TABLE `test` DISABLE KEYS */;
INSERT INTO `test` VALUES (1,'test_1','Äcmodules.situation.situation\nSituation\nq\0)Åq}q(X\0\0\0_fitness_function_idqMËX\0\0\0_genomesq]q(X\n\0\0\0short_termqX	\0\0\0long_termqX\0\0\0signalqeX\0\0\0_genome_rangesq	}q\n(hKK2ÜqhK2KdÜqhKK2Üq\ruub.','2018-10-14 03:36:13'),(2,'test_2','Äcmodules.situation.situation\nSituation\nq\0)Åq}q(X\0\0\0_fitness_function_idqMËX\0\0\0_genomesq]q(X\n\0\0\0short_termqX	\0\0\0long_termqX\0\0\0signalqeX\0\0\0_genome_rangesq	}q\n(hKK2ÜqhK2KdÜqhKK2Üq\ruub.','2018-10-14 03:36:13'),(3,'test_1','Äcmodules.feature.genofeature\nSituation\nq\0)Åq}q(X\0\0\0_fitness_function_idqMËX\0\0\0_genomesq]q(X\n\0\0\0short_termqX	\0\0\0long_termqX\0\0\0signalqeX\0\0\0_genome_rangesq	}q\n(hKK2ÜqhK2KdÜqhKK2Üq\ruub.','2018-10-14 06:39:08'),(4,'test_2','Äcmodules.feature.genofeature\nSituation\nq\0)Åq}q(X\0\0\0_fitness_function_idqMËX\0\0\0_genomesq]q(X\n\0\0\0short_termqX	\0\0\0long_termqX\0\0\0signalqeX\0\0\0_genome_rangesq	}q\n(hKK2ÜqhK2KdÜqhKK2Üq\ruub.','2018-10-14 06:39:08'),(5,'test_1','Äcmodules.feature.genofeature\nSituation\nq\0)Åq}q(X\0\0\0_fitness_function_idqMËX\0\0\0_genomesq]q(X\n\0\0\0short_termqX	\0\0\0long_termqX\0\0\0signalqeX\0\0\0_genome_rangesq	}q\n(hKK2ÜqhK2KdÜqhKK2Üq\ruub.','2018-10-14 06:40:26'),(6,'test_2','Äcmodules.feature.genofeature\nSituation\nq\0)Åq}q(X\0\0\0_fitness_function_idqMËX\0\0\0_genomesq]q(X\n\0\0\0short_termqX	\0\0\0long_termqX\0\0\0signalqeX\0\0\0_genome_rangesq	}q\n(hKK2ÜqhK2KdÜqhKK2Üq\ruub.','2018-10-14 06:40:26'),(7,'test_1','Äcmodules.feature.genofeature\nSituation\nq\0)Åq}q(X\0\0\0_fitness_function_idqMËX\0\0\0_genomesq]q(X\n\0\0\0short_termqX	\0\0\0long_termqX\0\0\0signalqeX\0\0\0_genome_rangesq	}q\n(hKK2ÜqhK2KdÜqhKK2Üq\ruub.','2018-10-14 06:41:19'),(8,'test_2','Äcmodules.feature.genofeature\nSituation\nq\0)Åq}q(X\0\0\0_fitness_function_idqMËX\0\0\0_genomesq]q(X\n\0\0\0short_termqX	\0\0\0long_termqX\0\0\0signalqeX\0\0\0_genome_rangesq	}q\n(hKK2ÜqhK2KdÜqhKK2Üq\ruub.','2018-10-14 06:41:19'),(9,'test_1','Äcmodules.feature.genofeature\nSituation\nq\0)Åq}q(X\0\0\0_fitness_function_idqMËX\0\0\0_genomesq]q(X\n\0\0\0short_termqX	\0\0\0long_termqX\0\0\0signalqeX\0\0\0_genome_rangesq	}q\n(hKK2ÜqhK2KdÜqhKK2Üq\ruub.','2018-10-14 06:42:17'),(10,'test_2','Äcmodules.feature.genofeature\nSituation\nq\0)Åq}q(X\0\0\0_fitness_function_idqMËX\0\0\0_genomesq]q(X\n\0\0\0short_termqX	\0\0\0long_termqX\0\0\0signalqeX\0\0\0_genome_rangesq	}q\n(hKK2ÜqhK2KdÜqhKK2Üq\ruub.','2018-10-14 06:42:17'),(11,'test_1','Äcmodules.feature.genofeature\nSituation\nq\0)Åq}q(X\0\0\0_fitness_function_idqMËX\0\0\0_genomesq]q(X\n\0\0\0short_termqX	\0\0\0long_termqX\0\0\0signalqeX\0\0\0_genome_rangesq	}q\n(hKK2ÜqhK2KdÜqhKK2Üq\ruub.','2018-10-14 06:44:28'),(12,'test_2','Äcmodules.feature.genofeature\nSituation\nq\0)Åq}q(X\0\0\0_fitness_function_idqMËX\0\0\0_genomesq]q(X\n\0\0\0short_termqX	\0\0\0long_termqX\0\0\0signalqeX\0\0\0_genome_rangesq	}q\n(hKK2ÜqhK2KdÜqhKK2Üq\ruub.','2018-10-14 06:44:28'),(13,'test_1','Äcmodules.feature.genofeature\nSituation\nq\0)Åq}q(X\0\0\0_fitness_function_idqMËX\0\0\0_genomesq]q(X\n\0\0\0short_termqX	\0\0\0long_termqX\0\0\0signalqeX\0\0\0_genome_rangesq	}q\n(hKK2ÜqhK2KdÜqhKK2Üq\ruub.','2018-10-14 06:45:44'),(14,'test_2','Äcmodules.feature.genofeature\nSituation\nq\0)Åq}q(X\0\0\0_fitness_function_idqMËX\0\0\0_genomesq]q(X\n\0\0\0short_termqX	\0\0\0long_termqX\0\0\0signalqeX\0\0\0_genome_rangesq	}q\n(hKK2ÜqhK2KdÜqhKK2Üq\ruub.','2018-10-14 06:45:44'),(15,'test_1','Äcmodules.feature.genofeature\nSituation\nq\0)Åq}q(X\0\0\0_fitness_function_idqMËX\0\0\0_genomesq]q(X\n\0\0\0short_termqX	\0\0\0long_termqX\0\0\0signalqeX\0\0\0_genome_rangesq	}q\n(hKK2ÜqhK2KdÜqhKK2Üq\ruub.','2018-10-14 06:46:20'),(16,'test_2','Äcmodules.feature.genofeature\nSituation\nq\0)Åq}q(X\0\0\0_fitness_function_idqMËX\0\0\0_genomesq]q(X\n\0\0\0short_termqX	\0\0\0long_termqX\0\0\0signalqeX\0\0\0_genome_rangesq	}q\n(hKK2ÜqhK2KdÜqhKK2Üq\ruub.','2018-10-14 06:46:20');
/*!40000 ALTER TABLE `test` ENABLE KEYS */;
UNLOCK TABLES;
/*!40103 SET TIME_ZONE=@OLD_TIME_ZONE */;

/*!40101 SET SQL_MODE=@OLD_SQL_MODE */;
/*!40014 SET FOREIGN_KEY_CHECKS=@OLD_FOREIGN_KEY_CHECKS */;
/*!40014 SET UNIQUE_CHECKS=@OLD_UNIQUE_CHECKS */;
/*!40101 SET CHARACTER_SET_CLIENT=@OLD_CHARACTER_SET_CLIENT */;
/*!40101 SET CHARACTER_SET_RESULTS=@OLD_CHARACTER_SET_RESULTS */;
/*!40101 SET COLLATION_CONNECTION=@OLD_COLLATION_CONNECTION */;
/*!40111 SET SQL_NOTES=@OLD_SQL_NOTES */;

-- Dump completed on 2018-10-18 22:20:32
