-- phpMyAdmin SQL Dump
-- version 4.8.3
-- https://www.phpmyadmin.net/
--
-- Host: mariadb
-- Generation Time: 2018 年 10 月 31 日 02:49
-- サーバのバージョン： 10.3.10-MariaDB-1:10.3.10+maria~bionic
-- PHP Version: 7.2.8

SET SQL_MODE = "NO_AUTO_VALUE_ON_ZERO";
SET AUTOCOMMIT = 0;
START TRANSACTION;
SET time_zone = "+00:00";


/*!40101 SET @OLD_CHARACTER_SET_CLIENT=@@CHARACTER_SET_CLIENT */;
/*!40101 SET @OLD_CHARACTER_SET_RESULTS=@@CHARACTER_SET_RESULTS */;
/*!40101 SET @OLD_COLLATION_CONNECTION=@@COLLATION_CONNECTION */;
/*!40101 SET NAMES utf8mb4 */;

--
-- Database: `milkcocholate`
--

-- --------------------------------------------------------

--
-- テーブルの構造 `crossovers`
--

CREATE TABLE `crossovers` (
  `id` int(11) NOT NULL,
  `name` char(50) COLLATE utf8_bin NOT NULL,
  `spec` char(100) COLLATE utf8_bin DEFAULT NULL
) ENGINE=InnoDB DEFAULT CHARSET=utf8 COLLATE=utf8_bin ROW_FORMAT=COMPACT;

--
-- テーブルのデータのダンプ `crossovers`
--

INSERT INTO `crossovers` (`id`, `name`, `spec`) VALUES
(1, 'one_point', NULL),
(2, 'uniform', NULL);

-- --------------------------------------------------------

--
-- テーブルの構造 `experiments`
--

CREATE TABLE `experiments` (
  `id` int(11) NOT NULL,
  `crossover_id` int(11) NOT NULL,
  `fitness_function_id` int(11) NOT NULL,
  `situation` varbinary(1000) NOT NULL,
  `mutation_rate` int(11) NOT NULL,
  `cross_rate` int(11) NOT NULL,
  `population` int(11) NOT NULL,
  `elite_num` int(11) NOT NULL,
  `start_at` timestamp NOT NULL DEFAULT current_timestamp() ON UPDATE current_timestamp(),
  `end_at` timestamp NOT NULL DEFAULT current_timestamp(),
  `execute_time` int(11) NOT NULL
) ENGINE=InnoDB DEFAULT CHARSET=utf8 COLLATE=utf8_bin ROW_FORMAT=COMPACT;

--
-- テーブルのデータのダンプ `experiments`
--

INSERT INTO `experiments` (`id`, `crossover_id`, `fitness_function_id`, `situation`, `mutation_rate`, `cross_rate`, `population`, `elite_num`, `start_at`, `end_at`, `execute_time`) VALUES
(1, 2, 1, 0x80037d710028580a00000073686f72745f7465726d71014b014b3286710258090000006c6f6e675f7465726d71034b334b6486710458060000007369676e616c71054b014b32867106752e, 50, 2, 3, 1, '2018-10-31 02:25:25', '2018-10-31 02:32:15', 410);

-- --------------------------------------------------------

--
-- テーブルの構造 `experiment_logs`
--

CREATE TABLE `experiment_logs` (
  `id` int(11) NOT NULL,
  `population_id` int(11) NOT NULL,
  `position` int(11) NOT NULL,
  `price` int(11) NOT NULL,
  `logged_at` timestamp NOT NULL DEFAULT current_timestamp()
) ENGINE=InnoDB DEFAULT CHARSET=utf8 COLLATE=utf8_bin ROW_FORMAT=COMPACT;

--
-- テーブルのデータのダンプ `experiment_logs`
--

INSERT INTO `experiment_logs` (`id`, `population_id`, `position`, `price`, `logged_at`) VALUES
(1, 1, 987452, 987452, '2018-02-03 22:00:00'),
(2, 1, 891733, 891733, '2018-02-08 08:00:00'),
(3, 1, 891733, 1187685, '2018-02-21 21:00:00'),
(4, 1, 846916, 1127995, '2018-02-27 23:00:00'),
(5, 1, 846916, 1068109, '2018-03-07 22:00:00'),
(6, 1, 796083, 1004000, '2018-03-12 05:00:00'),
(7, 1, 796083, 1013875, '2018-03-12 19:00:00'),
(8, 1, 713064, 908143, '2018-03-19 23:00:00'),
(9, 1, 713064, 912974, '2018-03-23 06:00:00'),
(10, 1, 716208, 917000, '2018-03-24 12:00:00'),
(11, 1, 716208, 908062, '2018-03-25 09:00:00'),
(12, 1, 617963, 783500, '2018-04-03 17:00:00'),
(13, 1, 617963, 741490, '2018-04-04 23:00:00'),
(14, 1, 607137, 728500, '2018-04-09 01:00:00'),
(15, 1, 607137, 732844, '2018-04-10 06:00:00'),
(16, 1, 603952, 728999, '2018-04-11 21:00:00'),
(17, 1, 603952, 871900, '2018-04-17 21:00:00'),
(18, 1, 592469, 855322, '2018-04-18 05:00:00'),
(19, 1, 592469, 995000, '2018-04-26 11:00:00'),
(20, 1, 591575, 993499, '2018-04-27 10:00:00'),
(21, 1, 591575, 998339, '2018-05-01 12:00:00'),
(22, 1, 622525, 1050571, '2018-05-04 06:00:00'),
(23, 1, 622525, 1026303, '2018-05-07 10:00:00'),
(24, 1, 571711, 942530, '2018-05-15 05:00:00'),
(25, 1, 571711, 922002, '2018-05-16 14:00:00'),
(26, 1, 581143, 937212, '2018-05-21 05:00:00'),
(27, 1, 581143, 855990, '2018-05-23 19:00:00'),
(28, 1, 548491, 807896, '2018-05-30 05:00:00'),
(29, 1, 548491, 818036, '2018-05-30 19:00:00'),
(30, 1, 544066, 811437, '2018-05-31 13:00:00'),
(31, 1, 544066, 831332, '2018-06-05 06:00:00'),
(32, 1, 544176, 831500, '2018-06-06 07:00:00'),
(33, 1, 544176, 839814, '2018-06-09 11:00:00'),
(34, 1, 478203, 738000, '2018-06-19 15:00:00'),
(35, 1, 478203, 687445, '2018-06-23 02:00:00'),
(36, 1, 489845, 704181, '2018-07-01 00:00:00'),
(37, 1, 489845, 709018, '2018-07-11 02:00:00'),
(38, 1, 573736, 830443, '2018-07-18 06:00:00'),
(39, 1, 573736, 901673, '2018-07-27 06:00:00'),
(40, 1, 575884, 905050, '2018-07-28 04:00:00'),
(41, 1, 575884, 902652, '2018-07-30 11:00:00'),
(42, 1, 448189, 702500, '2018-08-15 13:00:00'),
(43, 1, 448189, 722000, '2018-08-19 11:00:00'),
(44, 1, 443094, 713793, '2018-08-20 00:00:00'),
(45, 1, 443094, 713845, '2018-08-20 23:00:00'),
(46, 1, 446915, 720000, '2018-08-22 06:00:00'),
(47, 1, 446915, 716093, '2018-08-23 05:00:00'),
(48, 1, 445547, 713901, '2018-08-23 10:00:00'),
(49, 1, 445547, 719050, '2018-09-06 14:00:00'),
(50, 1, 444524, 717400, '2018-09-13 23:00:00'),
(51, 1, 444524, 707353, '2018-09-18 03:00:00'),
(52, 1, 465683, 741021, '2018-09-21 11:00:00'),
(53, 1, 465683, 726950, '2018-09-25 14:00:00'),
(54, 1, 481313, 751349, '2018-09-28 01:00:00'),
(55, 1, 481313, 739536, '2018-10-03 05:00:00'),
(56, 1, 484343, 744193, '2018-10-04 17:00:00'),
(57, 1, 484343, 745730, '2018-10-07 09:00:00'),
(58, 1, 484133, 745406, '2018-10-07 20:00:00'),
(59, 1, 484133, 746000, '2018-10-08 01:00:00'),
(60, 1, 484461, 746505, '2018-10-08 15:00:00'),
(61, 1, 484461, 738184, '2018-10-10 09:00:00'),
(62, 1, 476046, 725362, '2018-10-16 16:00:00'),
(63, 2, 831520, 831520, '2018-02-05 02:00:00'),
(64, 2, 870053, 870053, '2018-02-08 15:00:00'),
(65, 2, 870053, 1096602, '2018-02-23 00:00:00'),
(66, 2, 894960, 1127995, '2018-02-27 23:00:00'),
(67, 2, 894960, 1076069, '2018-03-08 00:00:00'),
(68, 2, 795018, 955902, '2018-03-21 07:00:00'),
(69, 2, 795018, 916754, '2018-03-23 08:00:00'),
(70, 2, 802464, 925341, '2018-03-24 01:00:00'),
(71, 2, 802464, 908062, '2018-03-25 09:00:00'),
(72, 2, 691654, 782670, '2018-04-03 18:00:00'),
(73, 2, 691654, 737379, '2018-04-05 13:00:00'),
(74, 2, 683326, 728500, '2018-04-09 01:00:00'),
(75, 2, 683326, 732844, '2018-04-10 06:00:00'),
(76, 2, 797248, 855022, '2018-04-13 11:00:00'),
(77, 2, 797248, 998339, '2018-05-01 12:00:00'),
(78, 2, 838959, 1050571, '2018-05-04 06:00:00'),
(79, 2, 838959, 1030800, '2018-05-07 11:00:00'),
(80, 2, 762789, 937212, '2018-05-21 05:00:00'),
(81, 2, 762789, 855990, '2018-05-23 19:00:00'),
(82, 2, 723087, 811437, '2018-05-31 13:00:00'),
(83, 2, 723087, 831332, '2018-06-05 06:00:00'),
(84, 2, 723233, 831500, '2018-06-06 07:00:00'),
(85, 2, 723233, 747695, '2018-06-11 09:00:00'),
(86, 2, 713855, 738000, '2018-06-19 15:00:00'),
(87, 2, 713855, 689980, '2018-06-23 12:00:00'),
(88, 2, 727739, 703400, '2018-07-01 04:00:00'),
(89, 2, 727739, 709568, '2018-07-11 08:00:00'),
(90, 2, 850475, 829239, '2018-07-18 10:00:00'),
(91, 2, 850475, 846420, '2018-08-01 13:00:00'),
(92, 2, 695385, 692069, '2018-08-15 14:00:00'),
(93, 2, 695385, 699378, '2018-08-15 19:00:00'),
(94, 2, 695292, 699285, '2018-08-16 03:00:00'),
(95, 2, 695292, 713845, '2018-08-20 23:00:00'),
(96, 2, 701287, 720000, '2018-08-22 06:00:00'),
(97, 2, 701287, 721393, '2018-09-06 16:00:00'),
(98, 2, 697406, 717400, '2018-09-13 23:00:00'),
(99, 2, 697406, 707353, '2018-09-18 03:00:00'),
(100, 2, 730600, 741021, '2018-09-21 11:00:00'),
(101, 2, 730600, 727201, '2018-09-25 20:00:00'),
(102, 2, 750492, 747000, '2018-09-28 03:00:00'),
(103, 2, 750492, 739536, '2018-10-03 05:00:00'),
(104, 2, 755218, 744193, '2018-10-04 17:00:00'),
(105, 2, 755218, 745730, '2018-10-07 09:00:00'),
(106, 2, 754889, 745406, '2018-10-07 20:00:00'),
(107, 2, 754889, 698910, '2018-10-11 18:00:00'),
(108, 2, 782551, 724520, '2018-10-16 21:00:00'),
(109, 3, 831520, 831520, '2018-02-05 02:00:00'),
(110, 3, 870053, 870053, '2018-02-08 15:00:00'),
(111, 3, 870053, 1096602, '2018-02-23 00:00:00'),
(112, 3, 894960, 1127995, '2018-02-27 23:00:00'),
(113, 3, 894960, 1076069, '2018-03-08 00:00:00'),
(114, 3, 795018, 955902, '2018-03-21 07:00:00'),
(115, 3, 795018, 916754, '2018-03-23 08:00:00'),
(116, 3, 802464, 925341, '2018-03-24 01:00:00'),
(117, 3, 802464, 908062, '2018-03-25 09:00:00'),
(118, 3, 691654, 782670, '2018-04-03 18:00:00'),
(119, 3, 691654, 737379, '2018-04-05 13:00:00'),
(120, 3, 683326, 728500, '2018-04-09 01:00:00'),
(121, 3, 683326, 732844, '2018-04-10 06:00:00'),
(122, 3, 797248, 855022, '2018-04-13 11:00:00'),
(123, 3, 797248, 998339, '2018-05-01 12:00:00'),
(124, 3, 838959, 1050571, '2018-05-04 06:00:00'),
(125, 3, 838959, 1030800, '2018-05-07 11:00:00'),
(126, 3, 762789, 937212, '2018-05-21 05:00:00'),
(127, 3, 762789, 855990, '2018-05-23 19:00:00'),
(128, 3, 723087, 811437, '2018-05-31 13:00:00'),
(129, 3, 723087, 831332, '2018-06-05 06:00:00'),
(130, 3, 723233, 831500, '2018-06-06 07:00:00'),
(131, 3, 723233, 747695, '2018-06-11 09:00:00'),
(132, 3, 713855, 738000, '2018-06-19 15:00:00'),
(133, 3, 713855, 689980, '2018-06-23 12:00:00'),
(134, 3, 727739, 703400, '2018-07-01 04:00:00'),
(135, 3, 727739, 709568, '2018-07-11 08:00:00'),
(136, 3, 850475, 829239, '2018-07-18 10:00:00'),
(137, 3, 850475, 846420, '2018-08-01 13:00:00'),
(138, 3, 695385, 692069, '2018-08-15 14:00:00'),
(139, 3, 695385, 699378, '2018-08-15 19:00:00'),
(140, 3, 695292, 699285, '2018-08-16 03:00:00'),
(141, 3, 695292, 713845, '2018-08-20 23:00:00'),
(142, 3, 701287, 720000, '2018-08-22 06:00:00'),
(143, 3, 701287, 721393, '2018-09-06 16:00:00'),
(144, 3, 697406, 717400, '2018-09-13 23:00:00'),
(145, 3, 697406, 707353, '2018-09-18 03:00:00'),
(146, 3, 730600, 741021, '2018-09-21 11:00:00'),
(147, 3, 730600, 727201, '2018-09-25 20:00:00'),
(148, 3, 750492, 747000, '2018-09-28 03:00:00'),
(149, 3, 750492, 739536, '2018-10-03 05:00:00'),
(150, 3, 755218, 744193, '2018-10-04 17:00:00'),
(151, 3, 755218, 745730, '2018-10-07 09:00:00'),
(152, 3, 754889, 745406, '2018-10-07 20:00:00'),
(153, 3, 754889, 698910, '2018-10-11 18:00:00'),
(154, 3, 782551, 724520, '2018-10-16 21:00:00'),
(155, 4, 831520, 831520, '2018-02-05 02:00:00'),
(156, 4, 870053, 870053, '2018-02-08 15:00:00'),
(157, 4, 870053, 1096602, '2018-02-23 00:00:00'),
(158, 4, 894960, 1127995, '2018-02-27 23:00:00'),
(159, 4, 894960, 1076069, '2018-03-08 00:00:00'),
(160, 4, 795018, 955902, '2018-03-21 07:00:00'),
(161, 4, 795018, 916754, '2018-03-23 08:00:00'),
(162, 4, 802464, 925341, '2018-03-24 01:00:00'),
(163, 4, 802464, 908062, '2018-03-25 09:00:00'),
(164, 4, 691654, 782670, '2018-04-03 18:00:00'),
(165, 4, 691654, 737379, '2018-04-05 13:00:00'),
(166, 4, 683326, 728500, '2018-04-09 01:00:00'),
(167, 4, 683326, 732844, '2018-04-10 06:00:00'),
(168, 4, 797248, 855022, '2018-04-13 11:00:00'),
(169, 4, 797248, 998339, '2018-05-01 12:00:00'),
(170, 4, 838959, 1050571, '2018-05-04 06:00:00'),
(171, 4, 838959, 1030800, '2018-05-07 11:00:00'),
(172, 4, 762789, 937212, '2018-05-21 05:00:00'),
(173, 4, 762789, 855990, '2018-05-23 19:00:00'),
(174, 4, 723087, 811437, '2018-05-31 13:00:00'),
(175, 4, 723087, 831332, '2018-06-05 06:00:00'),
(176, 4, 723233, 831500, '2018-06-06 07:00:00'),
(177, 4, 723233, 747695, '2018-06-11 09:00:00'),
(178, 4, 713855, 738000, '2018-06-19 15:00:00'),
(179, 4, 713855, 689980, '2018-06-23 12:00:00'),
(180, 4, 727739, 703400, '2018-07-01 04:00:00'),
(181, 4, 727739, 709568, '2018-07-11 08:00:00'),
(182, 4, 850475, 829239, '2018-07-18 10:00:00'),
(183, 4, 850475, 846420, '2018-08-01 13:00:00'),
(184, 4, 695385, 692069, '2018-08-15 14:00:00'),
(185, 4, 695385, 699378, '2018-08-15 19:00:00'),
(186, 4, 695292, 699285, '2018-08-16 03:00:00'),
(187, 4, 695292, 713845, '2018-08-20 23:00:00'),
(188, 4, 701287, 720000, '2018-08-22 06:00:00'),
(189, 4, 701287, 721393, '2018-09-06 16:00:00'),
(190, 4, 697406, 717400, '2018-09-13 23:00:00'),
(191, 4, 697406, 707353, '2018-09-18 03:00:00'),
(192, 4, 730600, 741021, '2018-09-21 11:00:00'),
(193, 4, 730600, 727201, '2018-09-25 20:00:00'),
(194, 4, 750492, 747000, '2018-09-28 03:00:00'),
(195, 4, 750492, 739536, '2018-10-03 05:00:00'),
(196, 4, 755218, 744193, '2018-10-04 17:00:00'),
(197, 4, 755218, 745730, '2018-10-07 09:00:00'),
(198, 4, 754889, 745406, '2018-10-07 20:00:00'),
(199, 4, 754889, 698910, '2018-10-11 18:00:00'),
(200, 4, 782551, 724520, '2018-10-16 21:00:00');

-- --------------------------------------------------------

--
-- テーブルの構造 `fitness_functions`
--

CREATE TABLE `fitness_functions` (
  `id` int(11) NOT NULL,
  `name` char(50) COLLATE utf8_bin NOT NULL,
  `spec` char(100) COLLATE utf8_bin DEFAULT NULL
) ENGINE=InnoDB DEFAULT CHARSET=utf8 COLLATE=utf8_bin ROW_FORMAT=COMPACT;

--
-- テーブルのデータのダンプ `fitness_functions`
--

INSERT INTO `fitness_functions` (`id`, `name`, `spec`) VALUES
(1, 'simple_macd_params', NULL),
(2, 'bollinger_band_linear_end', NULL);

-- --------------------------------------------------------

--
-- テーブルの構造 `populations`
--

CREATE TABLE `populations` (
  `id` int(11) NOT NULL,
  `experiment_id` int(11) NOT NULL,
  `generation_number` int(11) NOT NULL,
  `genome` varbinary(10000) NOT NULL,
  `fitness` varbinary(10000) NOT NULL
) ENGINE=InnoDB DEFAULT CHARSET=utf8 COLLATE=utf8_bin ROW_FORMAT=COMPACT;

--
-- テーブルのデータのダンプ `populations`
--

INSERT INTO `populations` (`id`, `experiment_id`, `generation_number`, `genome`, `fitness`) VALUES
(1, 1, 0, 0x8003636e756d70792e636f72652e6d756c746961727261790a5f7265636f6e7374727563740a7100636e756d70790a6e6461727261790a71014b008571024301627103877104527105284b014b034b03867106636e756d70790a64747970650a71075802000000693871084b004b0187710952710a284b0358010000003c710b4e4e4e4affffffff4affffffff4b0074710c628943482a0000000000000047000000000000000a00000000000000290000000000000034000000000000001a000000000000002a0000000000000063000000000000000a00000000000000710d74710e622e, 0x8003636e756d70792e636f72652e6d756c746961727261790a5f7265636f6e7374727563740a7100636e756d70790a6e6461727261790a71014b008571024301627103877104527105284b014b03857106636e756d70790a64747970650a71075802000000693871084b004b0187710952710a284b0358010000003c710b4e4e4e4affffffff4affffffff4b0074710c628943182a190700000000003c2f0700000000008e43070000000000710d74710e622e),
(2, 1, 2, 0x8003636e756d70792e636f72652e6d756c746961727261790a5f7265636f6e7374727563740a7100636e756d70790a6e6461727261790a71014b008571024301627103877104527105284b014b034b03867106636e756d70790a64747970650a71075802000000693871084b004b0187710952710a284b0358010000003c710b4e4e4e4affffffff4affffffff4b0074710c628943482a0000000000000063000000000000000a000000000000002a000000000000004b000000000000000b00000000000000240000000000000052000000000000002500000000000000710d74710e622e, 0x8003636e756d70792e636f72652e6d756c746961727261790a5f7265636f6e7374727563740a7100636e756d70790a6e6461727261790a71014b008571024301627103877104527105284b014b03857106636e756d70790a64747970650a71075802000000693871084b004b0187710952710a284b0358010000003c710b4e4e4e4affffffff4affffffff4b0074710c62894318d7f00b00000000008e43070000000000d7f00b0000000000710d74710e622e),
(3, 1, 4, 0x8003636e756d70792e636f72652e6d756c746961727261790a5f7265636f6e7374727563740a7100636e756d70790a6e6461727261790a71014b008571024301627103877104527105284b014b034b03867106636e756d70790a64747970650a71075802000000693871084b004b0187710952710a284b0358010000003c710b4e4e4e4affffffff4affffffff4b0074710c628943482a0000000000000063000000000000000a000000000000001a00000000000000360000000000000016000000000000000f000000000000004f000000000000002500000000000000710d74710e622e, 0x8003636e756d70792e636f72652e6d756c746961727261790a5f7265636f6e7374727563740a7100636e756d70790a6e6461727261790a71014b008571024301627103877104527105284b014b03857106636e756d70790a64747970650a71075802000000693871084b004b0187710952710a284b0358010000003c710b4e4e4e4affffffff4affffffff4b0074710c62894318d7f00b0000000000e6d1060000000000c523070000000000710d74710e622e),
(4, 1, 6, 0x8003636e756d70792e636f72652e6d756c746961727261790a5f7265636f6e7374727563740a7100636e756d70790a6e6461727261790a71014b008571024301627103877104527105284b014b034b03867106636e756d70790a64747970650a71075802000000693871084b004b0187710952710a284b0358010000003c710b4e4e4e4affffffff4affffffff4b0074710c628943482a0000000000000063000000000000000a000000000000002a0000000000000063000000000000000a000000000000000f0000000000000046000000000000002500000000000000710d74710e622e, 0x8003636e756d70792e636f72652e6d756c746961727261790a5f7265636f6e7374727563740a7100636e756d70790a6e6461727261790a71014b008571024301627103877104527105284b014b03857106636e756d70790a64747970650a71075802000000693871084b004b0187710952710a284b0358010000003c710b4e4e4e4affffffff4affffffff4b0074710c62894318d7f00b00000000004a4d08000000000050e1060000000000710d74710e622e);

-- --------------------------------------------------------

--
-- テーブルの構造 `test`
--

CREATE TABLE `test` (
  `id` int(11) NOT NULL,
  `name` char(50) COLLATE utf8_bin NOT NULL,
  `object` varbinary(1000) NOT NULL,
  `time` timestamp NOT NULL DEFAULT current_timestamp() ON UPDATE current_timestamp()
) ENGINE=InnoDB DEFAULT CHARSET=utf8 COLLATE=utf8_bin ROW_FORMAT=COMPACT;

--
-- テーブルのデータのダンプ `test`
--

INSERT INTO `test` (`id`, `name`, `object`, `time`) VALUES
(1, 'test_1', 0x8003636d6f64756c65732e736974756174696f6e2e736974756174696f6e0a536974756174696f6e0a7100298171017d71022858140000005f6669746e6573735f66756e6374696f6e5f696471034de80358080000005f67656e6f6d657371045d710528580a00000073686f72745f7465726d710658090000006c6f6e675f7465726d710758060000007369676e616c710865580e0000005f67656e6f6d655f72616e67657371097d710a2868064b014b3286710b68074b324b6486710c68084b014b3286710d7575622e, '2018-10-14 03:36:13'),
(2, 'test_2', 0x8003636d6f64756c65732e736974756174696f6e2e736974756174696f6e0a536974756174696f6e0a7100298171017d71022858140000005f6669746e6573735f66756e6374696f6e5f696471034de80358080000005f67656e6f6d657371045d710528580a00000073686f72745f7465726d710658090000006c6f6e675f7465726d710758060000007369676e616c710865580e0000005f67656e6f6d655f72616e67657371097d710a2868064b014b3286710b68074b324b6486710c68084b014b3286710d7575622e, '2018-10-14 03:36:13'),
(3, 'test_1', 0x8003636d6f64756c65732e666561747572652e67656e6f666561747572650a536974756174696f6e0a7100298171017d71022858140000005f6669746e6573735f66756e6374696f6e5f696471034de80358080000005f67656e6f6d657371045d710528580a00000073686f72745f7465726d710658090000006c6f6e675f7465726d710758060000007369676e616c710865580e0000005f67656e6f6d655f72616e67657371097d710a2868064b014b3286710b68074b324b6486710c68084b014b3286710d7575622e, '2018-10-14 06:39:08'),
(4, 'test_2', 0x8003636d6f64756c65732e666561747572652e67656e6f666561747572650a536974756174696f6e0a7100298171017d71022858140000005f6669746e6573735f66756e6374696f6e5f696471034de80358080000005f67656e6f6d657371045d710528580a00000073686f72745f7465726d710658090000006c6f6e675f7465726d710758060000007369676e616c710865580e0000005f67656e6f6d655f72616e67657371097d710a2868064b014b3286710b68074b324b6486710c68084b014b3286710d7575622e, '2018-10-14 06:39:08'),
(5, 'test_1', 0x8003636d6f64756c65732e666561747572652e67656e6f666561747572650a536974756174696f6e0a7100298171017d71022858140000005f6669746e6573735f66756e6374696f6e5f696471034de80358080000005f67656e6f6d657371045d710528580a00000073686f72745f7465726d710658090000006c6f6e675f7465726d710758060000007369676e616c710865580e0000005f67656e6f6d655f72616e67657371097d710a2868064b014b3286710b68074b324b6486710c68084b014b3286710d7575622e, '2018-10-14 06:40:26'),
(6, 'test_2', 0x8003636d6f64756c65732e666561747572652e67656e6f666561747572650a536974756174696f6e0a7100298171017d71022858140000005f6669746e6573735f66756e6374696f6e5f696471034de80358080000005f67656e6f6d657371045d710528580a00000073686f72745f7465726d710658090000006c6f6e675f7465726d710758060000007369676e616c710865580e0000005f67656e6f6d655f72616e67657371097d710a2868064b014b3286710b68074b324b6486710c68084b014b3286710d7575622e, '2018-10-14 06:40:26'),
(7, 'test_1', 0x8003636d6f64756c65732e666561747572652e67656e6f666561747572650a536974756174696f6e0a7100298171017d71022858140000005f6669746e6573735f66756e6374696f6e5f696471034de80358080000005f67656e6f6d657371045d710528580a00000073686f72745f7465726d710658090000006c6f6e675f7465726d710758060000007369676e616c710865580e0000005f67656e6f6d655f72616e67657371097d710a2868064b014b3286710b68074b324b6486710c68084b014b3286710d7575622e, '2018-10-14 06:41:19'),
(8, 'test_2', 0x8003636d6f64756c65732e666561747572652e67656e6f666561747572650a536974756174696f6e0a7100298171017d71022858140000005f6669746e6573735f66756e6374696f6e5f696471034de80358080000005f67656e6f6d657371045d710528580a00000073686f72745f7465726d710658090000006c6f6e675f7465726d710758060000007369676e616c710865580e0000005f67656e6f6d655f72616e67657371097d710a2868064b014b3286710b68074b324b6486710c68084b014b3286710d7575622e, '2018-10-14 06:41:19'),
(9, 'test_1', 0x8003636d6f64756c65732e666561747572652e67656e6f666561747572650a536974756174696f6e0a7100298171017d71022858140000005f6669746e6573735f66756e6374696f6e5f696471034de80358080000005f67656e6f6d657371045d710528580a00000073686f72745f7465726d710658090000006c6f6e675f7465726d710758060000007369676e616c710865580e0000005f67656e6f6d655f72616e67657371097d710a2868064b014b3286710b68074b324b6486710c68084b014b3286710d7575622e, '2018-10-14 06:42:17'),
(10, 'test_2', 0x8003636d6f64756c65732e666561747572652e67656e6f666561747572650a536974756174696f6e0a7100298171017d71022858140000005f6669746e6573735f66756e6374696f6e5f696471034de80358080000005f67656e6f6d657371045d710528580a00000073686f72745f7465726d710658090000006c6f6e675f7465726d710758060000007369676e616c710865580e0000005f67656e6f6d655f72616e67657371097d710a2868064b014b3286710b68074b324b6486710c68084b014b3286710d7575622e, '2018-10-14 06:42:17'),
(11, 'test_1', 0x8003636d6f64756c65732e666561747572652e67656e6f666561747572650a536974756174696f6e0a7100298171017d71022858140000005f6669746e6573735f66756e6374696f6e5f696471034de80358080000005f67656e6f6d657371045d710528580a00000073686f72745f7465726d710658090000006c6f6e675f7465726d710758060000007369676e616c710865580e0000005f67656e6f6d655f72616e67657371097d710a2868064b014b3286710b68074b324b6486710c68084b014b3286710d7575622e, '2018-10-14 06:44:28'),
(12, 'test_2', 0x8003636d6f64756c65732e666561747572652e67656e6f666561747572650a536974756174696f6e0a7100298171017d71022858140000005f6669746e6573735f66756e6374696f6e5f696471034de80358080000005f67656e6f6d657371045d710528580a00000073686f72745f7465726d710658090000006c6f6e675f7465726d710758060000007369676e616c710865580e0000005f67656e6f6d655f72616e67657371097d710a2868064b014b3286710b68074b324b6486710c68084b014b3286710d7575622e, '2018-10-14 06:44:28'),
(13, 'test_1', 0x8003636d6f64756c65732e666561747572652e67656e6f666561747572650a536974756174696f6e0a7100298171017d71022858140000005f6669746e6573735f66756e6374696f6e5f696471034de80358080000005f67656e6f6d657371045d710528580a00000073686f72745f7465726d710658090000006c6f6e675f7465726d710758060000007369676e616c710865580e0000005f67656e6f6d655f72616e67657371097d710a2868064b014b3286710b68074b324b6486710c68084b014b3286710d7575622e, '2018-10-14 06:45:44'),
(14, 'test_2', 0x8003636d6f64756c65732e666561747572652e67656e6f666561747572650a536974756174696f6e0a7100298171017d71022858140000005f6669746e6573735f66756e6374696f6e5f696471034de80358080000005f67656e6f6d657371045d710528580a00000073686f72745f7465726d710658090000006c6f6e675f7465726d710758060000007369676e616c710865580e0000005f67656e6f6d655f72616e67657371097d710a2868064b014b3286710b68074b324b6486710c68084b014b3286710d7575622e, '2018-10-14 06:45:44'),
(15, 'test_1', 0x8003636d6f64756c65732e666561747572652e67656e6f666561747572650a536974756174696f6e0a7100298171017d71022858140000005f6669746e6573735f66756e6374696f6e5f696471034de80358080000005f67656e6f6d657371045d710528580a00000073686f72745f7465726d710658090000006c6f6e675f7465726d710758060000007369676e616c710865580e0000005f67656e6f6d655f72616e67657371097d710a2868064b014b3286710b68074b324b6486710c68084b014b3286710d7575622e, '2018-10-14 06:46:20'),
(16, 'test_2', 0x8003636d6f64756c65732e666561747572652e67656e6f666561747572650a536974756174696f6e0a7100298171017d71022858140000005f6669746e6573735f66756e6374696f6e5f696471034de80358080000005f67656e6f6d657371045d710528580a00000073686f72745f7465726d710658090000006c6f6e675f7465726d710758060000007369676e616c710865580e0000005f67656e6f6d655f72616e67657371097d710a2868064b014b3286710b68074b324b6486710c68084b014b3286710d7575622e, '2018-10-14 06:46:20');

--
-- Indexes for dumped tables
--

--
-- Indexes for table `crossovers`
--
ALTER TABLE `crossovers`
  ADD PRIMARY KEY (`id`);

--
-- Indexes for table `experiments`
--
ALTER TABLE `experiments`
  ADD PRIMARY KEY (`id`);

--
-- Indexes for table `experiment_logs`
--
ALTER TABLE `experiment_logs`
  ADD PRIMARY KEY (`id`);

--
-- Indexes for table `fitness_functions`
--
ALTER TABLE `fitness_functions`
  ADD PRIMARY KEY (`id`);

--
-- Indexes for table `populations`
--
ALTER TABLE `populations`
  ADD PRIMARY KEY (`id`);

--
-- Indexes for table `test`
--
ALTER TABLE `test`
  ADD PRIMARY KEY (`id`);

--
-- AUTO_INCREMENT for dumped tables
--

--
-- AUTO_INCREMENT for table `crossovers`
--
ALTER TABLE `crossovers`
  MODIFY `id` int(11) NOT NULL AUTO_INCREMENT, AUTO_INCREMENT=3;

--
-- AUTO_INCREMENT for table `experiments`
--
ALTER TABLE `experiments`
  MODIFY `id` int(11) NOT NULL AUTO_INCREMENT, AUTO_INCREMENT=2;

--
-- AUTO_INCREMENT for table `experiment_logs`
--
ALTER TABLE `experiment_logs`
  MODIFY `id` int(11) NOT NULL AUTO_INCREMENT, AUTO_INCREMENT=201;

--
-- AUTO_INCREMENT for table `fitness_functions`
--
ALTER TABLE `fitness_functions`
  MODIFY `id` int(11) NOT NULL AUTO_INCREMENT, AUTO_INCREMENT=3;

--
-- AUTO_INCREMENT for table `populations`
--
ALTER TABLE `populations`
  MODIFY `id` int(11) NOT NULL AUTO_INCREMENT, AUTO_INCREMENT=5;

--
-- AUTO_INCREMENT for table `test`
--
ALTER TABLE `test`
  MODIFY `id` int(11) NOT NULL AUTO_INCREMENT, AUTO_INCREMENT=17;
COMMIT;

/*!40101 SET CHARACTER_SET_CLIENT=@OLD_CHARACTER_SET_CLIENT */;
/*!40101 SET CHARACTER_SET_RESULTS=@OLD_CHARACTER_SET_RESULTS */;
/*!40101 SET COLLATION_CONNECTION=@OLD_COLLATION_CONNECTION */;
